timestamps,open,high,low,close,volume,amount
2026-07-03 09:30:00,188.74000549316406,189.38999938964844,188.58999633789062,189.0800018310547,0,0.0
2026-07-03 10:30:00,189.0800018310547,189.27000427246094,188.97999572753906,189.1999969482422,67923,12851031.392715454
2026-07-03 11:30:00,189.1699981689453,189.3000030517578,189.0399932861328,189.14999389648438,21640,4093205.867919922
2026-07-03 12:30:00,189.25,189.8000030517578,189.16000366210938,189.77999877929688,24069,4567814.7906188965
2026-07-03 13:30:00,189.8000030517578,189.91000366210938,189.52999877929688,189.91000366210938,10969,2083122.8301696777
2026-07-03 14:30:00,189.75999450683594,189.9600067138672,189.6999969482422,189.6999969482422,10708,2031307.5673217773
2026-07-03 15:30:00,189.6300048828125,189.75,189.0,189.00999450683594,20368,3849755.5681152344
2026-07-06 09:30:00,189.3699951171875,189.85000610351562,189.1999969482422,189.85000610351562,0,0.0
2026-07-06 10:30:00,189.89999389648438,189.9499969482422,189.7100067138672,189.9499969482422,21153,4018012.285446167
2026-07-06 11:30:00,189.92999267578125,190.0,189.8300018310547,189.83999633789062,31172,5917692.365844727
2026-07-06 12:30:00,189.85000610351562,190.1300048828125,189.82000732421875,189.88999938964844,27012,5129308.663513184
2026-07-06 13:30:00,189.85000610351562,190.07000732421875,189.60000610351562,190.0500030517578,12689,2411544.488723755
2026-07-06 14:30:00,190.0399932861328,190.24000549316406,189.89999389648438,190.2100067138672,17610,3349598.218231201
2026-07-06 15:30:00,190.19000244140625,190.19000244140625,189.82000732421875,189.94000244140625,32918,6252445.000366211
2026-07-07 09:30:00,189.74000549316406,189.85000610351562,188.69000244140625,188.69000244140625,0,0.0
2026-07-07 10:30:00,188.72000122070312,188.75,188.35000610351562,188.39999389648438,19920,3752927.8784179688
2026-07-07 11:30:00,188.39999389648438,189.14999389648438,188.27000427246094,189.1199951171875,18896,3573611.427734375
2026-07-07 12:30:00,189.14999389648438,189.1999969482422,189.0399932861328,189.11000061035156,20445,3866353.9624786377
2026-07-07 13:30:00,189.0800018310547,189.13999938964844,188.97999572753906,189.0800018310547,30029,5677883.374984741
2026-07-07 14:30:00,189.07000732421875,189.10000610351562,188.60000610351562,188.6999969482422,24050,4538234.926605225
2026-07-07 15:30:00,188.8000030517578,188.92999267578125,188.60000610351562,188.72999572753906,57215,10798186.705551147
2026-07-08 09:30:00,187.4600067138672,187.8000030517578,187.27000427246094,187.36000061035156,0,0.0
2026-07-08 10:30:00,187.3000030517578,187.38999938964844,186.6300048828125,186.77000427246094,43443,8113849.2956085205
2026-07-08 11:30:00,186.6999969482422,187.52000427246094,186.6699981689453,187.49000549316406,25350,4752871.639251709
2026-07-08 12:30:00,187.5399932861328,187.99000549316406,187.33999633789062,187.9600067138672,33814,6355679.667022705
2026-07-08 13:30:00,188.05999755859375,188.10000610351562,187.69000244140625,187.86000061035156,8175,1535755.504989624
2026-07-08 14:30:00,187.6999969482422,187.88999938964844,187.6999969482422,187.77000427246094,10843,2035990.156326294
2026-07-08 15:30:00,187.7899932861328,188.07000732421875,187.64999389648438,187.94000244140625,56871,10688335.878845215
2026-07-09 09:30:00,188.82000732421875,189.02000427246094,188.07000732421875,188.22000122070312,0,0.0
2026-07-09 10:30:00,188.60000610351562,189.02000427246094,188.5,189.0,18859,3564351.0
2026-07-09 11:30:00,189.02000427246094,189.1999969482422,188.9499969482422,189.1999969482422,11050,2090659.9662780762
2026-07-09 12:30:00,189.1999969482422,189.4499969482422,189.0800018310547,189.4499969482422,16338,3095234.050140381
2026-07-09 13:30:00,189.39999389648438,189.52000427246094,189.3699951171875,189.3699951171875,13345,2527142.584838867
2026-07-09 14:30:00,189.4600067138672,189.4600067138672,189.27000427246094,189.4199981689453,7526,1425574.9062194824
2026-07-09 15:30:00,189.3800048828125,189.5,189.35000610351562,189.5,22492,4262234.0
2026-07-10 09:30:00,189.5,189.85000610351562,189.3000030517578,189.58999633789062,0,0.0
2026-07-10 10:30:00,189.58999633789062,189.6699981689453,188.60000610351562,189.49000549316406,78524,14879513.191345215
2026-07-10 11:30:00,189.52999877929688,189.5500030517578,189.0500030517578,189.3000030517578,29834,5647576.291046143
2026-07-10 12:30:00,189.2899932861328,189.64999389648438,189.19000244140625,189.6300048828125,17082,3239259.743408203
2026-07-10 13:30:00,189.67999267578125,189.9499969482422,189.66000366210938,189.91000366210938,19087,3624812.2398986816
2026-07-10 14:30:00,189.9499969482422,190.16000366210938,189.9199981689453,190.16000366210938,24506,4660061.049743652
2026-07-10 15:30:00,190.16000366210938,190.3000030517578,190.08999633789062,190.08999633789062,34033,6469332.845367432
2026-07-13 09:30:00,189.4499969482422,189.67999267578125,189.0,189.42999267578125,0,0.0
2026-07-13 10:30:00,189.4600067138672,189.5,189.0,189.25999450683594,20569,3892888.8270111084
2026-07-13 11:30:00,189.1699981689453,189.30999755859375,188.8000030517578,188.8300018310547,23774,4489244.463531494
2026-07-13 12:30:00,188.77999877929688,189.0,188.60000610351562,188.75999450683594,28228,5328317.124938965
2026-07-13 13:30:00,188.75,188.82000732421875,188.60000610351562,188.64999389648438,20194,3809597.9767456055
2026-07-13 14:30:00,188.60000610351562,188.83999633789062,188.50999450683594,188.50999450683594,33751,6362400.82460022
2026-07-13 15:30:00,188.5399932861328,188.85000610351562,188.5,188.6699981689453,47902,9037670.252288818
2026-07-14 09:30:00,188.0,188.1699981689453,187.35000610351562,187.80999755859375,0,0.0
2026-07-14 10:30:00,187.8800048828125,188.3000030517578,187.6999969482422,188.25,47887,9014727.75
2026-07-14 11:30:00,188.25999450683594,188.27000427246094,187.77000427246094,187.92999267578125,28201,5299813.723449707
2026-07-14 12:30:00,187.94000244140625,188.41000366210938,187.8800048828125,188.3800048828125,26116,4919732.207519531
2026-07-14 13:30:00,188.3800048828125,188.42999267578125,188.22999572753906,188.4199981689453,7847,1478531.7256317139
2026-07-14 14:30:00,188.35000610351562,188.3800048828125,188.2100067138672,188.27999877929688,33718,6348424.998840332
2026-07-14 15:30:00,188.22999572753906,188.3300018310547,188.17999267578125,188.32000732421875,0,0.0
2026-07-15 09:30:00,188.6699981689453,189.0,188.4499969482422,188.6999969482422,61396,11585425.012634277
2026-07-15 10:30:00,188.7100067138672,188.7100067138672,188.13999938964844,188.22000122070312,33728,6348284.201171875
2026-07-15 11:30:00,188.30999755859375,188.42999267578125,187.64999389648438,187.6999969482422,45585,8556304.36088562
2026-07-15 12:30:00,187.7100067138672,188.07000732421875,187.5800018310547,187.99000549316406,32981,6200098.371170044
2026-07-15 13:30:00,188.1199951171875,188.4499969482422,188.10000610351562,188.39999389648438,24256,4569830.251953125
2026-07-15 14:30:00,188.38999938964844,188.38999938964844,188.16000366210938,188.25999450683594,49945,9402645.42564392
2026-07-15 15:30:00,188.32000732421875,188.5500030517578,188.22000122070312,188.49000549316406,0,0.0
2026-07-16 09:30:00,187.75,188.1699981689453,187.27000427246094,188.1699981689453,73571,13843854.935287476
2026-07-16 10:30:00,188.16000366210938,188.3000030517578,188.07000732421875,188.2899932861328,12800,2410111.9140625
2026-07-16 11:30:00,188.27999877929688,188.3800048828125,187.85000610351562,187.88999938964844,16368,3075383.5100097656
2026-07-16 12:30:00,187.9199981689453,188.3000030517578,187.89999389648438,188.16000366210938,8843,1663898.9123840332
2026-07-16 13:30:00,188.17999267578125,188.17999267578125,187.64999389648438,187.82000732421875,10137,1903931.4142456055
2026-07-16 14:30:00,187.64999389648438,187.72000122070312,187.25,187.30999755859375,27436,5139037.093017578
2026-07-16 15:30:00,187.25999450683594,187.63999938964844,186.99000549316406,187.6300048828125,59976,11253297.172851562
2026-07-17 09:30:00,185.1699981689453,186.27999877929688,184.7899932861328,186.0800018310547,0,0.0
2026-07-17 10:30:00,186.1199951171875,186.22000122070312,185.47999572753906,185.85000610351562,42810,7956238.761291504
2026-07-17 11:30:00,185.88999938964844,186.30999755859375,185.6699981689453,185.9600067138672,57795,10747558.588027954
2026-07-17 12:30:00,185.92999267578125,186.2899932861328,185.8000030517578,186.1999969482422,17838,3321435.545562744
2026-07-17 13:30:00,186.22999572753906,186.22999572753906,185.32000732421875,185.39999389648438,38218,7085616.96673584
2026-07-17 14:30:00,185.42999267578125,185.6199951171875,185.0800018310547,185.2899932861328,49437,9160181.398086548
2026-07-17 15:30:00,185.33999633789062,185.5800018310547,185.22999572753906,185.25,92880,17206020.0
2026-07-20 09:30:00,186.5,187.10000610351562,186.0,186.1999969482422,0,0.0
2026-07-20 10:30:00,186.27999877929688,186.66000366210938,186.0399932861328,186.57000732421875,15201,2836050.681335449
2026-07-20 11:30:00,186.60000610351562,186.80999755859375,186.4499969482422,186.63999938964844,27992,5224426.862915039
2026-07-20 12:30:00,186.72000122070312,186.72000122070312,186.02999877929688,186.1199951171875,64349,11976635.565795898
2026-07-20 13:30:00,186.10499572753906,186.38999938964844,186.0500030517578,186.25999450683594,20632,3842916.206665039
2026-07-20 14:30:00,186.22000122070312,186.22000122070312,185.5500030517578,185.77000427246094,58758,10915473.91104126
2026-07-20 15:30:00,185.7899932861328,186.02000427246094,185.63999938964844,185.64999389648438,51421,9546308.336151123
2026-07-21 09:30:00,187.1300048828125,187.27000427246094,186.4600067138672,187.2100067138672,0,0.0
2026-07-21 10:30:00,187.2899932861328,187.5800018310547,187.0,187.57000732421875,47476,8905073.66772461
2026-07-21 11:30:00,187.55999755859375,187.85000610351562,187.42999267578125,187.80999755859375,26899,5051901.124328613
2026-07-21 12:30:00,187.83999633789062,187.88999938964844,187.7100067138672,187.75,5692,1068673.0
2026-07-21 13:30:00,187.75999450683594,187.9600067138672,187.75,187.7899932861328,7607,1428518.4789276123
2026-07-21 14:30:00,187.75999450683594,187.92999267578125,187.75999450683594,187.8000030517578,21630,4062114.0660095215
2026-07-21 15:30:00,187.7899932861328,187.9600067138672,187.7899932861328,187.8000030517578,0,0.0
2026-07-22 09:30:00,187.44000244140625,187.8000030517578,187.02999877929688,187.27000427246094,73624,13787566.794555664
2026-07-22 10:30:00,187.2899932861328,187.8800048828125,187.14999389648438,187.83999633789062,18719,3516176.8914489746
2026-07-22 11:30:00,187.72999572753906,188.05999755859375,187.72999572753906,188.02999877929688,18736,3522930.0571289062
2026-07-22 12:30:00,188.00999450683594,188.05999755859375,187.77999877929688,187.82000732421875,13125,2465137.596130371
2026-07-22 13:30:00,187.80999755859375,187.89999389648438,187.5800018310547,187.64999389648438,8749,1641749.7966003418
2026-07-22 14:30:00,187.60000610351562,187.6300048828125,187.4600067138672,187.5,18224,3417000.0
2026-07-22 15:30:00,187.47000122070312,187.55999755859375,187.3300018310547,187.3300018310547,32505,6089161.709518433
2026-07-23 09:30:00,185.33999633789062,185.89999389648438,185.02000427246094,185.4499969482422,0,0.0
2026-07-23 10:30:00,185.4600067138672,185.5500030517578,184.47999572753906,184.52000427246094,79241,14621549.658554077
2026-07-23 11:30:00,184.50999450683594,185.38999938964844,184.39999389648438,185.3300018310547,33758,6256370.201812744
2026-07-23 12:30:00,185.30999755859375,185.3699951171875,184.8000030517578,185.0800018310547,45099,8346923.002578735
2026-07-23 13:30:00,185.02999877929688,185.0500030517578,184.5800018310547,184.7100067138672,27344,5050710.423583984
2026-07-23 14:30:00,184.77000427246094,184.8800048828125,184.5,184.75,29536,5456776.0
2026-07-23 15:30:00,184.72999572753906,185.08999633789062,184.3800048828125,184.97999572753906,84484,15627849.95904541
2026-07-24 09:30:00,185.1699981689453,185.6199951171875,184.97999572753906,185.32000732421875,0,0.0
2026-07-24 10:30:00,185.36000061035156,186.16000366210938,184.89999389648438,186.05999755859375,59502,11070941.974731445
2026-07-24 11:30:00,186.02000427246094,186.3000030517578,185.97000122070312,186.22999572753906,23441,4365417.329849243
2026-07-24 12:30:00,186.07000732421875,186.10000610351562,185.64999389648438,186.02000427246094,23943,4453876.962295532
2026-07-24 13:30:00,186.0,186.10000610351562,185.39999389648438,185.39999389648438,19203,3560236.0827941895
2026-07-24 14:30:00,185.3699951171875,185.3699951171875,184.97000122070312,185.10000610351562,49613,9183366.60281372
2026-07-24 15:30:00,185.08999633789062,185.30999755859375,185.07000732421875,185.2100067138672,42893,7944212.817977905
2026-07-27 09:30:00,186.9199981689453,187.11000061035156,185.4499969482422,185.4499969482422,0,0.0
2026-07-27 10:30:00,185.49000549316406,185.8300018310547,185.00999450683594,185.32000732421875,53167,9852908.829406738
2026-07-27 11:30:00,185.3300018310547,185.67999267578125,184.94000244140625,185.44000244140625,58235,10799098.542175293
2026-07-27 12:30:00,185.5,185.5800018310547,184.8800048828125,184.94000244140625,21375,3953092.5521850586
2026-07-27 13:30:00,184.9600067138672,185.42999267578125,184.9600067138672,185.30999755859375,17324,3210310.397705078
2026-07-27 14:30:00,185.27000427246094,185.85000610351562,185.14999389648438,185.83999633789062,36707,6821628.745574951
2026-07-27 15:30:00,185.80999755859375,185.88999938964844,185.60000610351562,185.6300048828125,0,0.0
2026-07-28 09:30:00,185.6699981689453,185.6699981689453,184.74000549316406,185.00999450683594,77302,14301642.595367432
2026-07-28 10:30:00,185.10000610351562,186.0,185.0,185.82000732421875,50272,9341543.408203125
2026-07-28 11:30:00,185.80999755859375,186.1300048828125,185.75999450683594,185.86000061035156,18105,3364995.311050415
2026-07-28 12:30:00,185.77000427246094,186.19000244140625,185.77000427246094,186.05999755859375,37812,7035300.627685547
2026-07-28 13:30:00,186.0,186.13999938964844,185.8000030517578,185.83999633789062,23539,4374487.673797607
2026-07-28 14:30:00,185.83999633789062,186.19000244140625,185.83999633789062,186.16000366210938,13688,2548158.130126953
2026-07-28 15:30:00,186.13999938964844,186.16000366210938,185.94000244140625,186.0,0,0.0
2026-07-29 09:30:00,185.6999969482422,185.6999969482422,183.97000122070312,184.11000061035156,132568,24407094.560913086
2026-07-29 10:30:00,184.11000061035156,184.3800048828125,183.9499969482422,184.1199951171875,34557,6362634.671264648
2026-07-29 11:30:00,184.1199951171875,184.25,183.5,183.88999938964844,44344,8154418.13293457
2026-07-29 12:30:00,184.0399932861328,184.85000610351562,183.8699951171875,184.5,31616,5833152.0
2026-07-29 13:30:00,184.4600067138672,185.0500030517578,184.3800048828125,184.5,46109,8507110.5
2026-07-29 14:30:00,184.55999755859375,185.5800018310547,183.38999938964844,183.5800018310547,96613,17736214.716903687
2026-07-29 15:30:00,183.64999389648438,183.75,182.30999755859375,182.42999267578125,130033,23721919.237609863
2026-07-30 09:30:00,183.86000061035156,184.36000061035156,183.47999572753906,184.25999450683594,0,0.0
2026-07-30 10:30:00,184.2100067138672,184.41000366210938,183.22999572753906,183.22999572753906,43445,7960427.164382935
2026-07-30 11:30:00,183.2100067138672,184.19000244140625,183.2100067138672,184.05999755859375,50558,9305705.356567383
2026-07-30 12:30:00,184.11000061035156,184.38999938964844,183.83999633789062,184.35000610351562,35596,6562122.817260742
2026-07-30 13:30:00,184.3699951171875,184.39999389648438,184.1199951171875,184.39999389648438,11408,2103635.1303710938
2026-07-30 14:30:00,184.39999389648438,184.9499969482422,184.35000610351562,184.8000030517578,40010,7393848.12210083
2026-07-30 15:30:00,184.80999755859375,184.88999938964844,184.64999389648438,184.72000122070312,35860,6624059.243774414
2026-07-31 09:30:00,185.75,186.2100067138672,184.47999572753906,185.11000061035156,0,0.0
2026-07-31 10:30:00,185.13999938964844,185.4199981689453,184.75,184.83999633789062,34410,6360344.273986816
2026-07-31 11:30:00,184.8000030517578,185.77999877929688,184.75,185.77999877929688,21446,3984237.853820801
2026-07-31 12:30:00,185.86000061035156,186.14999389648438,185.74000549316406,186.13999938964844,20179,3756119.047683716
2026-07-31 13:30:00,186.1300048828125,186.22000122070312,185.89999389648438,186.11000061035156,20659,3844846.502609253
2026-07-31 14:30:00,186.17999267578125,186.47000122070312,185.97999572753906,186.39999389648438,29102,5424612.622375488
2026-07-31 15:30:00,186.27000427246094,186.6999969482422,186.25999450683594,186.2899932861328,29451,5486426.592269897
2026-08-04 09:30:00,190.00999450683594,191.43499755859375,189.9499969482422,191.1999969482422,0,0.0
2026-08-04 10:30:00,191.16000366210938,192.1999969482422,191.14999389648438,192.02999877929688,48027,9222624.751373291
2026-08-04 11:30:00,192.07000732421875,192.69000244140625,192.07000732421875,192.69000244140625,32663,6293833.549743652
2026-08-04 12:30:00,192.69000244140625,193.19000244140625,192.69000244140625,193.14999389648438,23360,4511983.857421875
2026-08-04 13:30:00,193.1199951171875,193.52000427246094,193.10000610351562,193.42999267578125,44123,8534711.566833496
2026-08-04 14:30:00,193.47000122070312,193.49000549316406,193.1999969482422,193.22000122070312,25077,4845377.970611572
2026-08-04 15:30:00,193.25999450683594,193.5399932861328,193.02999877929688,193.3000030517578,36058,6970011.510040283
2026-08-05 09:30:00,193.9499969482422,194.2100067138672,193.44000244140625,193.50999450683594,0,0.0
2026-08-05 10:30:00,193.32000732421875,193.50999450683594,192.02000427246094,192.49000549316406,72237,13904900.526809692
2026-08-05 11:30:00,192.5800018310547,192.63999938964844,192.08999633789062,192.57000732421875,30427,5859327.612854004
2026-08-05 12:30:00,192.52999877929688,192.6999969482422,192.4499969482422,192.4499969482422,23180,4460990.929260254
2026-08-05 13:30:00,192.44000244140625,192.5399932861328,192.35000610351562,192.3800048828125,8854,1703332.5632324219
2026-08-05 14:30:00,192.33999633789062,192.4499969482422,192.24000549316406,192.4499969482422,12693,2442767.811264038
2026-08-05 15:30:00,192.4499969482422,192.4499969482422,192.0,192.00999450683594,26529,5093833.144271851
2026-08-06 09:30:00,192.05999755859375,192.58999633789062,191.9600067138672,192.1999969482422,0,0.0
2026-08-06 10:30:00,192.22000122070312,192.3800048828125,191.9199981689453,192.0500030517578,13785,2647409.2920684814
2026-08-06 11:30:00,192.0500030517578,192.14999389648438,191.6300048828125,191.75999450683594,18971,3637878.8557891846
2026-08-06 12:30:00,191.8699951171875,191.91000366210938,191.60000610351562,191.60000610351562,10833,2075602.8661193848
2026-08-06 13:30:00,191.6300048828125,191.88999938964844,191.55999755859375,191.86000061035156,20632,3958455.5325927734
2026-08-06 14:30:00,191.85000610351562,191.9199981689453,191.69000244140625,191.7100067138672,9639,1847892.7547149658
2026-08-06 15:30:00,191.7100067138672,191.7899932861328,191.49000549316406,191.6199951171875,0,0.0
2026-08-07 09:30:00,191.36000061035156,191.73500061035156,190.99000549316406,191.73500061035156,65555,12569187.965011597
2026-08-07 10:30:00,191.75999450683594,191.88999938964844,191.5,191.8699951171875,10740,2060683.7475585938
2026-08-07 11:30:00,191.89999389648438,191.9499969482422,191.2949981689453,191.2949981689453,35987,6884133.099105835
2026-08-07 12:30:00,191.3300018310547,191.55999755859375,191.24000549316406,191.42999267578125,30910,5917101.073608398
2026-08-07 13:30:00,191.39999389648438,191.5399932861328,191.32000732421875,191.33999633789062,11682,2235233.8372192383
2026-08-07 14:30:00,191.32000732421875,191.77000427246094,191.17999267578125,191.72999572753906,18873,3618520.2093658447
2026-08-07 15:30:00,191.66000366210938,191.94000244140625,191.6300048828125,191.82000732421875,36023,6909932.123840332
2026-08-10 09:30:00,191.69000244140625,192.14999389648438,191.69000244140625,192.10000610351562,0,0.0
2026-08-10 10:30:00,192.1300048828125,192.22999572753906,191.8000030517578,191.80999755859375,26612,5104447.655029297
2026-08-10 11:30:00,191.8300018310547,191.92999267578125,191.69000244140625,191.69000244140625,16851,3230168.2311401367
2026-08-10 12:30:00,191.6699981689453,191.82000732421875,191.35000610351562,191.8000030517578,26956,5170160.882263184
2026-08-10 13:30:00,191.82000732421875,191.82000732421875,191.67999267578125,191.67999267578125,8830,1692534.3353271484
2026-08-10 14:30:00,191.6699981689453,191.8699951171875,191.60000610351562,191.73500061035156,13436,2576151.4682006836
2026-08-10 15:30:00,191.72000122070312,191.75999450683594,191.5800018310547,191.6699981689453,52179,10001148.834457397
2026-08-11 09:30:00,191.89999389648438,191.9499969482422,191.60000610351562,191.8000030517578,0,0.0
2026-08-11 10:30:00,191.8300018310547,191.83999633789062,191.4600067138672,191.4600067138672,20493,3923589.9175872803
2026-08-11 11:30:00,191.44000244140625,191.4499969482422,191.10000610351562,191.10000610351562,14998,2866117.8915405273
2026-08-11 12:30:00,191.1300048828125,191.2100067138672,190.8000030517578,190.92999267578125,10382,1982235.183959961
2026-08-11 13:30:00,191.0,191.0500030517578,190.61000061035156,190.61000061035156,12444,2371950.847595215
2026-08-11 14:30:00,190.6300048828125,190.8800048828125,190.6300048828125,190.8699951171875,14848,2834037.6875
2026-08-11 15:30:00,190.88999938964844,190.9600067138672,190.69000244140625,190.88999938964844,17599,3359473.099258423
2026-08-12 09:30:00,191.77000427246094,191.77000427246094,191.1300048828125,191.39999389648438,0,0.0
2026-08-12 10:30:00,191.33999633789062,191.5,191.1300048828125,191.24000549316406,36271,6936466.239242554
2026-08-12 11:30:00,191.22999572753906,191.5500030517578,191.16000366210938,191.5500030517578,9904,1897111.2302246094
2026-08-12 12:30:00,191.52999877929688,191.80999755859375,191.49000549316406,191.7550048828125,12254,2349765.8298339844
2026-08-12 13:30:00,191.75999450683594,191.8000030517578,191.72000122070312,191.75,10805,2071858.75
2026-08-12 14:30:00,191.85000610351562,191.92999267578125,191.75,191.77000427246094,9664,1853265.3212890625
2026-08-12 15:30:00,191.8000030517578,191.80999755859375,191.57000732421875,191.6199951171875,25404,4867914.355957031
2026-08-13 09:30:00,192.0800018310547,193.2899932861328,192.0,193.27000427246094,0,0.0
2026-08-13 10:30:00,193.27999877929688,193.36000061035156,192.5,192.52000427246094,22261,4285687.815109253
2026-08-13 11:30:00,192.52999877929688,192.52999877929688,192.32000732421875,192.4600067138672,9140,1759084.461364746
2026-08-13 12:30:00,192.50999450683594,192.72999572753906,192.4499969482422,192.72999572753906,7199,1387463.2392425537
2026-08-13 13:30:00,192.7100067138672,192.7100067138672,192.5800018310547,192.67999267578125,9885,1904641.7276000977
2026-08-13 14:30:00,192.72000122070312,192.97000122070312,192.72000122070312,192.91000366210938,15402,2971199.8764038086
2026-08-13 15:30:00,192.91000366210938,192.91000366210938,192.6999969482422,192.6999969482422,29925,5766547.408676147
2026-08-14 09:30:00,192.22000122070312,192.25,191.7899932861328,191.82000732421875,0,0.0
2026-08-14 10:30:00,191.8300018310547,191.91000366210938,191.64999389648438,191.64999389648438,10655,2042030.684967041
2026-08-14 11:30:00,191.64999389648438,191.72999572753906,191.44000244140625,191.72999572753906,15992,3066146.0916748047
2026-08-14 12:30:00,191.75999450683594,191.75999450683594,191.47999572753906,191.5500030517578,14034,2688212.742828369
2026-08-14 13:30:00,191.5500030517578,191.6999969482422,191.47999572753906,191.5800018310547,14665,2809520.726852417
2026-08-14 14:30:00,191.58999633789062,191.69500732421875,191.5500030517578,191.63999938964844,14988,2872300.310852051
2026-08-14 15:30:00,191.6300048828125,191.75,191.60000610351562,191.63999938964844,21762,4170469.6667175293
2026-08-17 09:30:00,191.4199981689453,191.52000427246094,190.99000549316406,191.10000610351562,0,0.0
2026-08-17 10:30:00,191.1300048828125,191.5,191.0500030517578,191.5,14961,2865031.5
2026-08-17 11:30:00,191.42999267578125,191.42999267578125,191.1999969482422,191.3000030517578,7097,1357656.1216583252
2026-08-17 12:30:00,191.2899932861328,191.30999755859375,190.8800048828125,190.8800048828125,20025,3822372.0977783203
2026-08-17 13:30:00,190.92999267578125,190.99000549316406,190.85000610351562,190.94000244140625,14090,2690344.634399414
2026-08-17 14:30:00,190.9499969482422,191.02999877929688,190.85000610351562,190.85000610351562,9765,1863650.30960083
2026-08-17 15:30:00,190.85000610351562,190.89999389648438,190.6999969482422,190.72999572753906,36284,6920447.164978027
2026-08-18 09:30:00,189.83999633789062,189.8800048828125,189.49000549316406,189.74000549316406,0,0.0
2026-08-18 10:30:00,189.74000549316406,189.9499969482422,189.64999389648438,189.8300018310547,19051,3616451.364883423
2026-08-18 11:30:00,189.7899932861328,190.0399932861328,189.6999969482422,189.9600067138672,18668,3546173.4053344727
2026-08-18 12:30:00,189.9499969482422,190.13999938964844,189.94000244140625,190.00999450683594,14205,2699091.9719696045
2026-08-18 13:30:00,190.0500030517578,190.13999938964844,189.88999938964844,190.1199951171875,6865,1305173.7664794922
2026-08-18 14:30:00,190.11000061035156,190.14999389648438,189.8000030517578,189.94000244140625,20450,3884273.049926758
2026-08-18 15:30:00,189.9199981689453,189.92999267578125,189.6999969482422,189.6999969482422,25279,4795426.222854614
2026-08-19 09:30:00,189.85000610351562,189.85000610351562,188.89999389648438,189.13999938964844,0,0.0
2026-08-19 10:30:00,189.30999755859375,189.85000610351562,189.30999755859375,189.58999633789062,28140,5335062.496948242
2026-08-19 11:30:00,189.63999938964844,189.75999450683594,189.36000061035156,189.5,19330,3663035.0
2026-08-19 12:30:00,189.42999267578125,189.42999267578125,189.1199951171875,189.19000244140625,8275,1565547.2702026367
2026-08-19 13:30:00,189.22999572753906,189.44000244140625,189.07000732421875,189.1999969482422,11654,2204936.7644348145
2026-08-19 14:30:00,189.27000427246094,189.2899932861328,189.10000610351562,189.1699981689453,7090,1341215.2870178223
2026-08-19 15:30:00,189.25999450683594,189.25999450683594,188.8000030517578,188.92999267578125,57924,10943580.895751953
2026-08-20 09:30:00,187.8800048828125,188.13999938964844,187.2899932861328,187.9499969482422,0,0.0
2026-08-20 10:30:00,187.9499969482422,188.32000732421875,187.85000610351562,187.91000366210938,24420,4588762.289428711
2026-08-20 11:30:00,187.8800048828125,187.8800048828125,187.7100067138672,187.8800048828125,32034,6018548.076416016
2026-08-20 12:30:00,187.80999755859375,188.14999389648438,187.6199951171875,187.6199951171875,16045,3010362.8216552734
2026-08-20 13:30:00,187.6300048828125,187.63999938964844,187.3000030517578,187.38999938964844,33283,6236901.349685669
2026-08-20 14:30:00,187.35000610351562,187.42999267578125,187.27999877929688,187.35499572753906,20700,3878248.4115600586
2026-08-20 15:30:00,187.33999633789062,187.3699951171875,187.0500030517578,187.0800018310547,50284,9407130.812072754
2026-08-21 09:30:00,187.4499969482422,187.5399932861328,187.0,187.25999450683594,0,0.0
2026-08-21 10:30:00,187.30999755859375,187.7899932861328,187.25,187.6300048828125,25440,4773307.32421875
2026-08-21 11:30:00,187.72000122070312,188.1300048828125,187.66000366210938,187.75999450683594,27363,5137676.729690552
2026-08-21 12:30:00,187.75,187.77000427246094,187.50999450683594,187.50999450683594,13895,2605451.3736724854
2026-08-21 13:30:00,187.5,187.5,187.38999938964844,187.41000366210938,15941,2987502.8683776855
2026-08-21 14:30:00,187.38999938964844,187.6999969482422,187.35000610351562,187.6999969482422,13530,2539580.958709717
2026-08-21 15:30:00,187.72999572753906,187.8000030517578,187.60000610351562,187.60000610351562,32428,6083492.997924805
2026-08-24 09:30:00,187.8699951171875,188.0,187.63999938964844,187.6999969482422,0,0.0
2026-08-24 10:30:00,187.83999633789062,188.13999938964844,187.72999572753906,187.97999572753906,37081,6970486.221572876
2026-08-24 11:30:00,188.0,188.4199981689453,187.94000244140625,188.39999389648438,20550,3871619.874572754
2026-08-24 12:30:00,188.4199981689453,188.44000244140625,188.25,188.27999877929688,9112,1715607.3488769531
2026-08-24 13:30:00,188.24000549316406,188.47999572753906,188.17999267578125,188.47999572753906,4094,771637.1025085449
2026-08-24 14:30:00,188.5,188.5,188.24000549316406,188.27000427246094,11676,2198240.569885254
2026-08-24 15:30:00,188.27000427246094,188.27999877929688,188.0500030517578,188.08999633789062,0,0.0
2026-08-25 09:30:00,188.75999450683594,188.85000610351562,188.27999877929688,188.27999877929688,39473,7431976.391815186
2026-08-25 10:30:00,188.2100067138672,188.5,188.0,188.5,27706,5222581.0
2026-08-25 11:30:00,188.42999267578125,188.57000732421875,188.2899932861328,188.57000732421875,15103,2847972.820617676
2026-08-25 12:30:00,188.5800018310547,188.60000610351562,188.24000549316406,188.24000549316406,7166,1348927.8793640137
2026-08-25 13:30:00,188.27999877929688,188.35000610351562,188.22999572753906,188.22999572753906,5771,1086275.305343628
2026-08-25 14:30:00,188.35000610351562,188.47999572753906,188.1999969482422,188.25,8654,1629115.5
2026-08-25 15:30:00,188.30999755859375,188.52999877929688,188.30999755859375,188.44000244140625,22023,4150014.17376709
2026-08-26 09:30:00,188.72000122070312,189.2899932861328,188.61000061035156,189.07000732421875,0,0.0
2026-08-26 10:30:00,189.07000732421875,189.44000244140625,189.02000427246094,189.25,69862,13221383.5
2026-08-26 11:30:00,189.1199951171875,189.27000427246094,188.77000427246094,188.77000427246094,28324,5346721.601013184
2026-08-26 12:30:00,188.82000732421875,189.0,188.6199951171875,188.99000549316406,17182,3247226.274383545
2026-08-26 13:30:00,189.00999450683594,189.05999755859375,188.92999267578125,189.05999755859375,10254,1938621.2149658203
2026-08-26 14:30:00,189.00999450683594,189.4600067138672,189.00999450683594,189.38999938964844,16512,3127207.669921875
2026-08-26 15:30:00,189.33999633789062,189.42999267578125,189.0500030517578,189.0500030517578,18223,3445058.2056121826
2026-08-27 09:30:00,189.5500030517578,189.89999389648438,189.1300048828125,189.85000610351562,0,0.0
2026-08-27 10:30:00,189.69000244140625,190.2100067138672,189.66000366210938,190.02000427246094,33473,6360539.603012085
2026-08-27 11:30:00,189.9499969482422,190.10000610351562,189.75,190.0500030517578,10911,2073635.5832977295
2026-08-27 12:30:00,190.07000732421875,190.42999267578125,190.07000732421875,190.32000732421875,10500,1998360.0769042969
2026-08-27 13:30:00,190.3300018310547,190.35000610351562,189.72000122070312,189.74000549316406,22525,4273893.6237335205
2026-08-27 14:30:00,189.7899932861328,189.91000366210938,189.6999969482422,189.83999633789062,15788,2997193.862182617
2026-08-27 15:30:00,189.85000610351562,190.1699981689453,189.85000610351562,190.10000610351562,17106,3251850.7044067383
2026-08-28 09:30:00,190.30999755859375,190.8000030517578,190.19000244140625,190.61000061035156,0,0.0
2026-08-28 10:30:00,190.52000427246094,191.6199951171875,190.5,191.55999755859375,21055,4033295.7485961914
2026-08-28 11:30:00,191.50999450683594,191.5800018310547,190.35000610351562,190.38999938964844,69393,13211733.227645874
2026-08-28 12:30:00,190.47000122070312,190.60000610351562,190.10000610351562,190.25,27865,5301316.25
2026-08-28 13:30:00,190.14999389648438,190.49000549316406,190.14999389648438,190.3000030517578,8800,1674640.0268554688
2026-08-28 14:30:00,190.3800048828125,190.38999938964844,190.16000366210938,190.3699951171875,7393,1407405.3739013672
2026-08-28 15:30:00,190.30999755859375,190.42999267578125,190.22000122070312,190.3800048828125,47851,9109873.613647461
2026-08-31 09:30:00,189.49000549316406,189.52999877929688,188.6999969482422,188.77999877929688,0,0.0
2026-08-31 10:30:00,188.8000030517578,189.0500030517578,188.75999450683594,188.9499969482422,25977,4908354.070724487
2026-08-31 11:30:00,188.89999389648438,188.97000122070312,188.67999267578125,188.89999389648438,34677,6550485.088348389
2026-08-31 12:30:00,188.8699951171875,188.92999267578125,188.75,188.75,11208,2115510.0
2026-08-31 13:30:00,188.72999572753906,189.0500030517578,188.69000244140625,188.97000122070312,16456,3109690.3400878906
2026-08-31 14:30:00,188.9499969482422,189.0399932861328,188.63999938964844,189.0399932861328,27267,5154553.496932983
2026-08-31 15:30:00,189.02999877929688,189.33999633789062,188.9499969482422,189.16000366210938,45839,8670905.407867432
2026-09-01 09:30:00,188.38999938964844,188.75,188.14999389648438,188.75,0,0.0
2026-09-01 10:30:00,188.83999633789062,189.0,188.6999969482422,188.8000030517578,53796,10156684.964172363
2026-09-01 11:30:00,188.8800048828125,189.14999389648438,188.5500030517578,188.5500030517578,24382,4597226.174407959
2026-09-01 12:30:00,188.47999572753906,188.6199951171875,188.3000030517578,188.4199981689453,21132,3981691.4013061523
2026-09-01 13:30:00,188.4600067138672,188.57000732421875,188.25,188.25,15712,2957784.0
2026-09-01 14:30:00,188.25,188.25,187.89999389648438,188.22999572753906,33218,6252623.998077393
2026-09-01 15:30:00,188.14999389648438,188.3300018310547,188.10000610351562,188.3300018310547,50618,9532888.032684326
2026-09-02 09:30:00,188.77000427246094,189.10000610351562,188.22999572753906,189.0,0,0.0
2026-09-02 10:30:00,188.9499969482422,189.1300048828125,188.5,188.6999969482422,71077,13412229.68309021
2026-09-02 11:30:00,188.64999389648438,188.7899932861328,188.4499969482422,188.47000122070312,32098,6049510.099182129
2026-09-02 12:30:00,188.5,188.55999755859375,188.3800048828125,188.44000244140625,13329,2511716.792541504
2026-09-02 13:30:00,188.3699951171875,188.60000610351562,188.3000030517578,188.44000244140625,43499,8196951.6661987305
2026-09-02 14:30:00,188.4600067138672,188.50999450683594,188.27000427246094,188.47000122070312,24593,4635042.740020752
2026-09-02 15:30:00,188.47000122070312,188.5,188.3300018310547,188.38999938964844,24779,4668115.794876099
2026-09-03 09:30:00,188.55999755859375,189.10000610351562,188.4600067138672,188.6999969482422,0,0.0
2026-09-03 10:30:00,188.6999969482422,189.60000610351562,188.39999389648438,189.60000610351562,100191,18996214.211517334
2026-09-03 11:30:00,189.66000366210938,189.6999969482422,189.2100067138672,189.2100067138672,7376,1395613.0095214844
2026-09-03 12:30:00,189.2100067138672,189.47999572753906,189.19000244140625,189.41000366210938,59851,11336378.129180908
2026-09-03 13:30:00,189.49000549316406,189.8800048828125,189.49000549316406,189.80999755859375,17367,3296430.2276000977
2026-09-03 14:30:00,189.8000030517578,189.86000061035156,189.7899932861328,189.83999633789062,23001,4366509.755767822
2026-09-03 15:30:00,189.83999633789062,189.85000610351562,189.5800018310547,189.5800018310547,21747,4122796.2998199463
2026-09-04 09:30:00,189.72000122070312,190.5,189.72000122070312,190.0,0,0.0
2026-09-04 10:30:00,190.10000610351562,190.10000610351562,189.38999938964844,189.38999938964844,38222,7238864.556671143
2026-09-04 11:30:00,189.42999267578125,189.80999755859375,189.42999267578125,189.80999755859375,10670,2025272.6739501953
2026-09-04 12:30:00,189.8000030517578,189.91000366210938,189.5500030517578,189.55999755859375,10240,1941094.375
2026-09-04 13:30:00,189.4199981689453,189.63999938964844,189.3800048828125,189.55999755859375,23373,4430585.822937012
2026-09-04 14:30:00,189.5500030517578,189.69000244140625,189.44000244140625,189.50999450683594,15256,2891164.476196289
2026-09-04 15:30:00,189.5,189.5800018310547,189.39999389648438,189.5399932861328,31167,5907392.970748901
2026-09-08 09:30:00,188.66000366210938,188.6999969482422,187.77000427246094,187.77000427246094,0,0.0
2026-09-08 10:30:00,187.82000732421875,188.25999450683594,187.72000122070312,188.25,24346,4583134.5
2026-09-08 11:30:00,188.22999572753906,188.35000610351562,188.14999389648438,188.22999572753906,11464,2157868.671020508
2026-09-08 12:30:00,188.22000122070312,188.41000366210938,188.13999938964844,188.2899932861328,63010,11864152.476959229
2026-09-08 13:30:00,188.3000030517578,188.3300018310547,188.22999572753906,188.25,16327,3073557.75
2026-09-08 14:30:00,188.25,188.25,187.8000030517578,188.14999389648438,57154,10753524.751159668
2026-09-08 15:30:00,188.1199951171875,188.14999389648438,187.67999267578125,187.75999450683594,53487,10042718.826187134
2026-09-09 09:30:00,187.3000030517578,187.4600067138672,187.16000366210938,187.39999389648438,0,0.0
2026-09-09 10:30:00,187.47999572753906,187.61000061035156,187.10000610351562,187.1699981689453,50779,9504305.337020874
2026-09-09 11:30:00,187.1999969482422,187.4199981689453,187.0500030517578,187.08999633789062,38110,7129999.760437012
2026-09-09 12:30:00,187.1300048828125,187.4499969482422,187.1300048828125,187.4499969482422,28718,5383189.012359619
2026-09-09 13:30:00,187.41000366210938,187.47999572753906,187.24000549316406,187.33999633789062,10885,2039195.8601379395
2026-09-09 14:30:00,187.36000061035156,187.5800018310547,187.3300018310547,187.52999877929688,10050,1884676.4877319336
2026-09-09 15:30:00,187.52999877929688,187.52999877929688,187.25999450683594,187.27000427246094,36123,6764754.364334106
2026-09-10 09:30:00,186.4199981689453,186.97999572753906,186.10000610351562,186.6699981689453,0,0.0
2026-09-10 10:30:00,186.75999450683594,186.82000732421875,186.4499969482422,186.72999572753906,39436,7363884.1115112305
2026-09-10 11:30:00,186.69000244140625,186.7899932861328,186.16000366210938,186.19000244140625,41207,7672331.430603027
2026-09-10 12:30:00,186.22000122070312,186.80999755859375,186.10000610351562,186.49000549316406,52616,9812358.12902832
2026-09-10 13:30:00,186.47000122070312,186.5500030517578,186.3800048828125,186.3800048828125,6336,1180903.7109375
2026-09-10 14:30:00,186.39999389648438,186.55999755859375,186.3800048828125,186.4600067138672,13367,2492410.9097442627
2026-09-10 15:30:00,186.4600067138672,186.6300048828125,186.4499969482422,186.5,49588,9248162.0
2026-09-11 09:30:00,188.6199951171875,189.07000732421875,188.3699951171875,189.0500030517578,0,0.0
2026-09-11 10:30:00,188.8800048828125,189.10000610351562,188.5800018310547,189.07000732421875,45381,8580186.002380371
2026-09-11 11:30:00,189.10000610351562,189.11000061035156,188.6999969482422,188.6999969482422,4310,813296.9868469238
2026-09-11 12:30:00,188.6999969482422,189.0,188.69000244140625,189.0,19096,3609144.0
2026-09-11 13:30:00,188.9199981689453,188.9199981689453,188.75999450683594,188.7899932861328,19210,3626655.7710266113
2026-09-11 14:30:00,188.77999877929688,188.86000061035156,188.64999389648438,188.75999450683594,15471,2920305.875015259
2026-09-11 15:30:00,188.75999450683594,188.8000030517578,188.52000427246094,188.5800018310547,13836,2609192.9053344727
2026-09-14 09:30:00,187.7100067138672,188.58999633789062,187.55999755859375,187.89999389648438,0,0.0
2026-09-14 10:30:00,188.0,188.13999938964844,187.72000122070312,188.08999633789062,110383,20761938.06576538
2026-09-14 11:30:00,188.11000061035156,188.6999969482422,188.0800018310547,188.52000427246094,54697,10311478.673690796
2026-09-14 12:30:00,188.55999755859375,188.86000061035156,188.5,188.52999877929688,33088,6238080.599609375
2026-09-14 13:30:00,188.66000366210938,188.72999572753906,188.49000549316406,188.49000549316406,14261,2688055.9683380127
2026-09-14 14:30:00,188.49000549316406,188.6199951171875,188.41000366210938,188.41000366210938,16102,3033777.878967285
2026-09-14 15:30:00,188.42999267578125,188.44000244140625,188.14999389648438,188.14999389648438,21778,4097530.5670776367
2026-09-15 09:30:00,188.39999389648438,188.4199981689453,187.5,187.6199951171875,0,0.0
2026-09-15 10:30:00,187.5500030517578,187.58999633789062,187.25,187.5500030517578,35237,6608699.45753479
2026-09-15 11:30:00,187.60000610351562,187.64999389648438,187.39999389648438,187.5800018310547,31815,5967857.758255005
2026-09-15 12:30:00,187.5399932861328,187.61000061035156,187.35000610351562,187.41000366210938,11203,2099554.2710266113
2026-09-15 13:30:00,187.4199981689453,187.60000610351562,187.39999389648438,187.55999755859375,5691,1067403.946105957
2026-09-15 14:30:00,187.55999755859375,187.58999633789062,187.3800048828125,187.52000427246094,8978,1683554.5983581543
2026-09-15 15:30:00,187.4600067138672,187.55999755859375,187.35000610351562,187.55999755859375,25383,4760835.418029785
2026-09-16 09:30:00,188.38999938964844,188.60000610351562,188.16000366210938,188.22000122070312,0,0.0
2026-09-16 10:30:00,188.1999969482422,188.7100067138672,188.1300048828125,188.52999877929688,17121,3227822.109100342
2026-09-16 11:30:00,188.5500030517578,188.8000030517578,188.47000122070312,188.49000549316406,23982,4520367.311737061
2026-09-16 12:30:00,188.5,188.5,188.3800048828125,188.4499969482422,3208,604547.5902099609
2026-09-16 13:30:00,188.52999877929688,188.8800048828125,188.3699951171875,188.66000366210938,34435,6496507.226104736
2026-09-16 14:30:00,188.64999389648438,188.97000122070312,186.75,187.05999755859375,80687,15093310.023010254
2026-09-16 15:30:00,187.02999877929688,187.77999877929688,187.02999877929688,187.77000427246094,35532,6671843.791809082
2026-09-17 09:30:00,190.0,190.0,189.00999450683594,189.5,0,0.0
2026-09-17 10:30:00,189.3699951171875,189.6199951171875,189.19000244140625,189.6199951171875,43929,8329816.76550293
2026-09-17 11:30:00,189.64999389648438,189.8699951171875,189.60000610351562,189.8000030517578,22263,4225517.467941284
2026-09-17 12:30:00,189.75,189.82000732421875,189.57000732421875,189.64999389648438,16316,3094329.300415039
2026-09-17 13:30:00,189.74000549316406,189.86000061035156,189.6999969482422,189.85000610351562,9284,1762567.456665039
2026-09-17 14:30:00,189.8699951171875,189.9499969482422,189.74000549316406,189.82000732421875,10882,2065621.3197021484
2026-09-17 15:30:00,189.85000610351562,190.0,189.82000732421875,189.82000732421875,23509,4462478.552185059
2026-09-18 09:30:00,190.16000366210938,190.3000030517578,189.57000732421875,189.61000061035156,0,0.0
2026-09-18 10:30:00,189.72999572753906,189.91000366210938,189.64999389648438,189.91000366210938,32053,6087185.347381592
2026-09-18 11:30:00,189.89999389648438,189.89999389648438,189.44000244140625,189.5800018310547,13179,2498474.8441314697
2026-09-18 12:30:00,189.55999755859375,189.67999267578125,189.50999450683594,189.64999389648438,4827,915440.5205383301
2026-09-18 13:30:00,189.5800018310547,189.80999755859375,189.5800018310547,189.80999755859375,4519,857751.3789672852
2026-09-18 14:30:00,189.83999633789062,190.10000610351562,189.80999755859375,189.8800048828125,24581,4667440.400024414
2026-09-18 15:30:00,189.86000061035156,190.14999389648438,189.86000061035156,190.07000732421875,24574,4670780.359985352
2026-09-21 09:30:00,191.22000122070312,192.35000610351562,191.22000122070312,192.30999755859375,0,0.0
2026-09-21 10:30:00,192.22999572753906,192.58999633789062,192.22000122070312,192.5399932861328,73765,14202712.604751587
2026-09-21 11:30:00,192.5800018310547,193.16000366210938,192.5800018310547,193.16000366210938,40447,7812742.668121338
2026-09-21 12:30:00,193.13999938964844,193.44000244140625,193.1199951171875,193.35000610351562,27584,5333366.568359375
2026-09-21 13:30:00,193.38999938964844,193.6300048828125,193.22999572753906,193.6199951171875,27783,5379344.32434082
2026-09-21 14:30:00,193.6999969482422,193.89999389648438,193.63999938964844,193.8000030517578,15227,2950992.646469116
2026-09-21 15:30:00,193.77000427246094,193.9499969482422,193.6199951171875,193.6300048828125,35657,6904265.084106445
2026-09-22 09:30:00,193.9600067138672,194.25,193.91000366210938,194.00999450683594,0,0.0
2026-09-22 10:30:00,193.99000549316406,194.16000366210938,193.8699951171875,194.08999633789062,52540,10197488.407592773
2026-09-22 11:30:00,194.0,194.2100067138672,193.94000244140625,194.02000427246094,8915,1729688.3380889893
2026-09-22 12:30:00,194.0500030517578,194.3000030517578,194.0,194.25,13515,2625288.75
2026-09-22 13:30:00,194.25,194.36000061035156,194.17999267578125,194.30999755859375,12147,2360283.5403442383
2026-09-22 14:30:00,194.1999969482422,194.3000030517578,194.16000366210938,194.3000030517578,28531,5543573.387069702
2026-09-22 15:30:00,194.35000610351562,194.3800048828125,194.02000427246094,194.0800018310547,34968,6786589.50402832
2026-09-23 09:30:00,194.10000610351562,194.19000244140625,193.3000030517578,193.47999572753906,0,0.0
2026-09-23 10:30:00,193.4499969482422,193.64999389648438,193.3300018310547,193.5,32794,6345639.0
2026-09-23 11:30:00,193.41000366210938,193.47000122070312,193.1699981689453,193.1999969482422,10301,1990153.1685638428
2026-09-23 12:30:00,193.2100067138672,193.27000427246094,192.8699951171875,192.97999572753906,24089,4648695.1170806885
2026-09-23 13:30:00,193.0,193.2899932861328,192.99000549316406,193.25,12259,2369051.75
2026-09-23 14:30:00,193.07000732421875,193.1699981689453,192.97000122070312,192.97000122070312,10984,2119582.493408203
2026-09-23 15:30:00,193.02000427246094,193.14999389648438,192.8300018310547,193.11000061035156,0,0.0
2026-09-24 09:30:00,192.72000122070312,193.25,192.47000122070312,193.25,48407,9354652.75
2026-09-24 10:30:00,193.2100067138672,193.2100067138672,192.64999389648438,192.69000244140625,25641,4940764.352600098
2026-09-24 11:30:00,192.72000122070312,193.60000610351562,192.5800018310547,193.13999938964844,43013,8307530.793746948
2026-09-24 12:30:00,193.35000610351562,193.82000732421875,193.17999267578125,193.39999389648438,39524,7643941.358764648
2026-09-24 13:30:00,193.5500030517578,193.67999267578125,193.3000030517578,193.67999267578125,10126,1961203.605834961
2026-09-24 14:30:00,193.57000732421875,193.77999877929688,193.5,193.6199951171875,26337,5099369.811401367
2026-09-24 15:30:00,193.60000610351562,193.6999969482422,193.52000427246094,193.52000427246094,22320,4319366.495361328
2026-09-25 09:30:00,193.86000061035156,194.25,193.3800048828125,193.64999389648438,0,0.0
2026-09-25 10:30:00,193.6199951171875,194.10000610351562,193.60000610351562,193.8699951171875,43999,8530085.915161133
2026-09-25 11:30:00,193.91000366210938,194.72000122070312,193.66000366210938,194.60000610351562,61655,11998063.376312256
2026-09-25 12:30:00,194.66000366210938,194.7100067138672,194.39999389648438,194.64999389648438,30329,5903539.664886475
2026-09-25 13:30:00,194.6999969482422,194.72999572753906,194.44000244140625,194.52000427246094,39374,7659030.648223877
2026-09-25 14:30:00,194.5800018310547,194.6199951171875,194.3300018310547,194.3300018310547,13527,2628701.9347686768
2026-09-25 15:30:00,194.3300018310547,194.8000030517578,194.30999755859375,194.5500030517578,43639,8489967.58317566
2026-09-28 09:30:00,193.6999969482422,193.7100067138672,193.25,193.3000030517578,39438,7623365.520355225
2026-09-28 10:30:00,193.3000030517578,193.3000030517578,192.55999755859375,192.8300018310547,60053,11580020.099960327
2026-09-28 11:30:00,192.86000061035156,193.91000366210938,192.75,193.69000244140625,81003,15689471.26776123
2026-09-28 12:30:00,193.66000366210938,193.83999633789062,193.25,193.3000030517578,131774,25471914.602142334
2026-09-28 13:30:00,193.3300018310547,193.50999450683594,193.32000732421875,193.35000610351562,18860,3646581.1151123047
2026-09-28 14:30:00,193.35000610351562,193.4499969482422,193.11000061035156,193.16000366210938,28914,5585028.3458862305
2026-09-28 15:30:00,193.1300048828125,193.17999267578125,192.9499969482422,193.0399932861328,41199,7953054.683395386
