,open,high,low,close,volume,amount
2026-09-29 09:30:00,193.10701,193.20592,192.97928,193.0144,7552.6445,1.4324904e+06
2026-09-29 09:35:00,192.91985,192.97354,192.86197,192.91727,3088.8257,564162.8
2026-09-29 09:40:00,192.8618,192.9161,192.81567,192.88007,2643.6433,473978.06
2026-09-29 09:45:00,193.00409,192.99884,192.88155,192.87926,1253.5565,236778.9
2026-09-29 09:50:00,193.01198,192.98462,192.85484,192.8287,1213.2017,230456.25
2026-09-29 09:55:00,192.89893,192.88991,192.86398,192.86969,608.6057,110460.5
2026-09-29 10:00:00,192.9643,192.94926,192.8795,192.87816,1160.1646,209170.56
2026-09-29 10:05:00,193.00146,192.97269,192.85365,192.82349,1064.6084,206401.66
2026-09-29 10:10:00,192.99043,192.96608,192.83937,192.81755,1046.1531,201622.34
2026-09-29 10:15:00,192.70294,192.8879,192.59802,192.87086,2944.7844,482296.2
2026-09-29 10:20:00,192.81819,192.85378,192.79813,192.81973,956.8054,162098.19
2026-09-29 10:25:00,192.79604,192.87856,192.77423,192.86272,1166.105,200456.72
2026-09-29 10:30:00,192.88142,192.93097,192.84892,192.9025,2662.5088,481029.8
2026-09-29 10:35:00,193.09653,193.01744,192.79086,192.749,769.8025,149691.44
2026-09-29 10:40:00,192.78578,192.82259,192.7445,192.7735,1675.6886,288544.78
2026-09-29 10:45:00,192.77135,192.80011,192.72578,192.74937,1748.4987,300819.25
2026-09-29 10:50:00,192.77008,192.89774,192.72989,192.8835,1750.5619,312886.75
2026-09-29 10:55:00,192.81903,192.87119,192.79523,192.8581,1281.1499,222766.72
2026-09-29 11:00:00,192.85194,192.85233,192.82727,192.82693,782.39966,136046.31
2026-09-29 11:05:00,192.82257,192.84734,192.68637,192.74033,5111.6196,924728.5
2026-09-29 11:10:00,192.76839,192.75586,192.51537,192.5222,7791.259,1.4079982e+06
2026-09-29 11:15:00,192.47198,192.65569,192.44905,192.6243,8452.446,1.4985862e+06
2026-09-29 11:20:00,192.57767,192.57715,192.56358,192.54437,698.2434,111095.19
2026-09-29 11:25:00,192.54869,192.57324,192.4503,192.49342,5427.841,940352.0
2026-09-29 11:30:00,192.49562,192.54434,192.4662,192.50906,4537.798,783455.8
2026-09-29 11:35:00,192.4532,192.47745,192.35406,192.3707,4496.7246,756390.4
2026-09-29 11:40:00,192.33417,192.40468,192.29468,192.35292,5854.2695,997469.56
2026-09-29 11:45:00,192.48135,192.4633,192.36113,192.31708,7554.3105,1.2826015e+06
2026-09-29 11:50:00,192.3679,192.437,192.35324,192.40828,4855.5674,845111.56
2026-09-29 11:55:00,192.40799,192.4635,192.38864,192.42508,3243.7864,543206.7
2026-09-29 12:00:00,192.37819,192.41122,192.32991,192.35002,3566.9495,574630.06
2026-09-29 12:05:00,192.34941,192.40218,192.31339,192.34843,4768.3076,782363.0
2026-09-29 12:10:00,192.39757,192.44258,192.40941,192.43257,1393.2208,227646.66
2026-09-29 12:15:00,192.41138,192.41206,192.38266,192.3684,1407.2013,243448.78
2026-09-29 12:20:00,192.39706,192.43922,192.3802,192.40364,2014.8497,331268.72
2026-09-29 12:25:00,192.4285,192.4154,192.23125,192.2185,6839.6807,1.2005569e+06
2026-09-29 12:30:00,192.32805,192.41235,192.3147,192.37646,2790.862,458511.44
2026-09-29 12:35:00,192.43918,192.53253,192.44905,192.52252,1610.8892,263980.3
2026-09-29 12:40:00,192.59758,192.6305,192.49467,192.48926,4764.372,815022.44
2026-09-29 12:45:00,192.52153,192.53783,192.52295,192.51823,1162.4519,204732.4
2026-09-29 12:50:00,192.50821,192.53383,192.47618,192.48721,1514.094,261591.16
2026-09-29 12:55:00,192.48499,192.62173,192.4623,192.60825,2578.432,443670.38
2026-09-29 13:00:00,192.5458,192.53188,192.52823,192.49808,612.0298,112206.34
2026-09-29 13:05:00,192.49368,192.48264,192.49686,192.47008,507.26147,92557.31
2026-09-29 13:10:00,192.54,192.60776,192.54343,192.6039,937.72046,157281.88
2026-09-29 13:15:00,192.5887,192.57628,192.58688,192.56187,557.781,104280.81
2026-09-29 13:20:00,192.55765,192.56094,192.5198,192.51492,1053.5281,183746.19
2026-09-29 13:25:00,192.50221,192.48984,192.50694,192.47952,437.01758,78922.19
2026-09-29 13:30:00,192.49141,192.517,192.47008,192.48401,1153.4607,195979.6
2026-09-29 13:35:00,192.48785,192.50879,192.46373,192.47298,1305.609,220768.81
2026-09-29 13:40:00,192.48091,192.50102,192.45528,192.46336,1346.3917,227305.75
2026-09-29 13:45:00,192.47342,192.49509,192.44765,192.45699,1398.7272,235612.19
2026-09-29 13:50:00,192.48746,192.64024,192.4732,192.6403,1512.1287,240915.31
2026-09-29 13:55:00,192.54959,192.53488,192.53241,192.49959,471.45215,83326.06
2026-09-29 14:00:00,192.5291,192.56364,192.52736,192.55501,809.2163,128131.78
2026-09-29 14:05:00,192.53159,192.54617,192.50249,192.50288,1159.177,197016.69
2026-09-29 14:10:00,192.49843,192.52965,192.46371,192.4922,1766.9303,304474.97
2026-09-29 14:15:00,192.4949,192.52127,192.47295,192.4818,1377.3197,235003.38
2026-09-29 14:20:00,192.47545,192.57745,192.4576,192.5593,1919.6025,323342.1
2026-09-29 14:25:00,192.54576,192.64128,192.53651,192.63542,1009.9026,172247.4
2026-09-29 14:30:00,192.56694,192.6241,192.52582,192.59569,2304.5837,392696.03
2026-09-29 14:35:00,192.59958,192.75285,192.56683,192.73412,2029.1847,350805.6
2026-09-29 14:40:00,192.79764,192.78468,192.68011,192.65175,1185.5815,225979.0
2026-09-29 14:45:00,192.822,192.80524,192.69733,192.68037,1126.8921,216677.94
2026-09-29 14:50:00,192.66428,192.66805,192.66176,192.6526,556.85913,95471.25
2026-09-29 14:55:00,192.78246,192.72882,192.58592,192.53639,3937.0479,714614.0
2026-09-29 15:00:00,192.64139,192.71063,192.63376,192.69254,1111.6377,190514.94
2026-09-29 15:05:00,192.6873,192.71832,192.68347,192.70715,800.15845,136881.34
2026-09-29 15:10:00,192.81168,192.80995,192.63957,192.61234,2294.727,407847.7
2026-09-29 15:15:00,192.72784,192.73177,192.706,192.72127,544.85034,99405.625
2026-09-29 15:20:00,192.82158,192.76434,192.62654,192.56522,4008.6328,736549.3
2026-09-29 15:25:00,192.61615,192.64651,192.5888,192.6022,1552.1885,270714.97
2026-09-29 15:30:00,192.58441,192.62775,192.5472,192.58635,1745.1007,303908.66
2026-09-29 15:35:00,192.6323,192.68787,192.62862,192.67477,1013.27637,173419.19
2026-09-29 15:40:00,192.6802,192.70451,192.67676,192.69424,826.1123,145474.78
2026-09-29 15:45:00,192.67842,192.69388,192.63756,192.65016,1546.9161,270164.38
2026-09-29 15:50:00,192.6734,192.72227,192.64185,192.69118,2658.6228,470956.3
2026-09-29 15:55:00,192.72333,192.80984,192.70622,192.7885,2454.542,434563.0
